{
"lengthUnit": "mil",
"remark": [],
"components": {
	"fields": ["COMPONENT_NO", "COMPONENT_NAME", "LAYER", "X_COORDINATE", "Y_COORDINATE", "ANGLE"],
	"rows": [
		[1, "C1", "T", 127.4, 178.871, 270],
		[2, "C2", "T", 112.4, -11.129, 270],
		[3, "C3", "T", -50, -15, 0],
		[4, "C4", "T", 32.4, 28.871, 180],
		[5, "D1", "T", -32.6, 93.871, 180],
		[6, "D2", "T", 32.4, 223.871, 180],
		[7, "R1", "T", -57.6, 158.871, 270],
		[8, "R2", "T", -47.6, 223.871, 180],
		[9, "U1", "T", 37.4, -51.129, 0],
		[10, "U2", "T", 60, 145, 0],
		[11, "PAD1", "T", -117.6, 223.871, 0],
		[12, "PAD1", "B", -117.6, 223.871, 0],
		[13, "PAD2", "T", -117.6, 23.871, 0],
		[14, "PAD2", "B", -117.6, 23.871, 0],
		[15, "PAD3", "T", -117.6, -76.129, 0],
		[16, "PAD3", "B", -117.6, -76.129, 0],
		[17, "PAD4", "T", 182.4, -76.129, 0],
		[18, "PAD4", "B", 182.4, -76.129, 0],
		[19, "PAD5", "T", 182.4, 123.871, 0],
		[20, "PAD5", "B", 182.4, 123.871, 0],
		[21, "PAD6", "T", 127.4, 168.071, 0],
		[22, "PAD7", "T", 127.4, 189.671, 0],
		[23, "PAD8", "T", 112.4, -21.929, 0],
		[24, "PAD9", "T", 112.4, -0.329, 0],
		[25, "PAD10", "T", -39.2, -15, 0],
		[26, "PAD11", "T", -60.8, -15, 0],
		[27, "PAD12", "T", 10.94, 28.871, 0],
		[28, "PAD13", "T", 53.86, 28.871, 0],
		[29, "PAD14", "T", -7.6, 93.871, 0],
		[30, "PAD15", "T", -57.6, 93.871, 0],
		[31, "PAD16", "T", 57.4, 223.871, 0],
		[32, "PAD17", "T", 7.4, 223.871, 0],
		[33, "PAD18", "T", -57.6, 149.361, 0],
		[34, "PAD19", "T", -57.6, 168.381, 0],
		[35, "PAD20", "T", -57.11, 223.871, 0],
		[36, "PAD21", "T", -38.09, 223.871, 0],
		[37, "PAD22", "T", 0, -21.599, 0],
		[38, "PAD23", "T", 0, -41.289, 0],
		[39, "PAD24", "T", 0, -60.969, 0],
		[40, "PAD25", "T", 0, -80.659, 0],
		[41, "PAD26", "T", 74.8, -80.659, 0],
		[42, "PAD27", "T", 74.8, -60.969, 0],
		[43, "PAD28", "T", 74.8, -21.599, 0],
		[44, "PAD29", "T", 37.4, -51.129, 0],
		[45, "PAD30", "T", 32.44, 125.315, 0],
		[46, "PAD31", "T", 87.56, 164.685, 0],
		[47, "PAD32", "T", 32.44, 144.995, 0],
		[48, "PAD33", "T", 87.56, 125.315, 0]
	]
},
"pins": {
	"fields": ["PIN_NO", "PIN_NAME", "PIN_X", "PIN_Y", "LAYER", "PIN_TYPE", "NET_NAME", "NET_TYPE", "PAD_SHAPE", "PAD_SIZEX", "PAD_SIZEY", "HOLE_SIZE", "HOLE_LEN", "PAD_ANGLE"],
	"rows": [
		[1, "C1_1", 127.4, 189.671, "T", "SMD", "GND", "GND", "R", 14.505, 12.756, 0, 0, 270],
		[2, "C1_2", 127.4, 168.071, "T", "SMD", "$1N1099", "", "R", 14.505, 12.756, 0, 0, 270],
		[3, "C2_1", 112.4, -0.329, "T", "SMD", "GND", "GND", "R", 14.505, 12.756, 0, 0, 270],
		[4, "C2_2", 112.4, -21.929, "T", "SMD", "$1N1048", "", "R", 14.505, 12.756, 0, 0, 270],
		[5, "C3_1", -60.8, -15, "T", "SMD", "GND", "GND", "R", 14.505, 12.756, 0, 0, 0],
		[6, "C3_2", -39.2, -15, "T", "SMD", "+6V", "", "R", 14.505, 12.756, 0, 0, 0],
		[7, "C4_1", 53.86, 28.871, "T", "SMD", "GND", "GND", "R", 31.106, 21.26, 0, 0, 180],
		[8, "C4_2", 10.94, 28.871, "T", "SMD", "+6V", "", "R", 31.106, 21.26, 0, 0, 180],
		[9, "D1_1", -7.6, 93.871, "T", "SMD", "$1N1048", "", "R", 23.622, 14.173, 0, 0, 0],
		[10, "D1_2", -57.6, 93.871, "T", "SMD", "$1N1043", "", "R", 23.622, 14.173, 0, 0, 0],
		[11, "D2_1", 57.4, 223.871, "T", "SMD", "$1N1099", "", "R", 23.622, 14.173, 0, 0, 0],
		[12, "D2_2", 7.4, 223.871, "T", "SMD", "$1N1094", "", "R", 23.622, 14.173, 0, 0, 0],
		[13, "R1_1", -57.6, 168.381, "T", "SMD", "+6V", "", "R", 11.934, 12.756, 0, 0, 270],
		[14, "R1_2", -57.6, 149.361, "T", "SMD", "$1N1043", "", "R", 11.934, 12.756, 0, 0, 270],
		[15, "R2_1", -38.09, 223.871, "T", "SMD", "$1N1094", "", "R", 11.934, 12.756, 0, 0, 180],
		[16, "R2_2", -57.11, 223.871, "T", "SMD", "+6V", "", "R", 11.934, 12.756, 0, 0, 180],
		[17, "U1_1", 0, -21.599, "T", "SMD", "+6V", "", "R", 20.512, 9.843, 0, 0, 0],
		[18, "U1_2", 0, -41.289, "T", "SMD", "MOTOR(NEG)", "", "R", 20.512, 9.843, 0, 0, 0],
		[19, "U1_3", 0, -60.969, "T", "SMD", "MOTOR(NEG)", "", "R", 20.512, 9.843, 0, 0, 0],
		[20, "U1_4", 0, -80.659, "T", "SMD", "GND", "GND", "R", 20.512, 9.843, 0, 0, 0],
		[21, "U1_5", 74.8, -80.659, "T", "SMD", "$1N940", "", "R", 20.512, 9.843, 0, 0, 0],
		[22, "U1_6", 74.8, -60.969, "T", "SMD", "$1N940", "", "R", 20.512, 9.843, 0, 0, 0],
		[23, "U1_7", 74.8, -41.289, "T", "SMD", "NET_1", "", "R", 20.512, 9.843, 0, 0, 0],
		[24, "U1_8", 74.8, -21.599, "T", "SMD", "$1N1048", "", "R", 20.512, 9.843, 0, 0, 0],
		[25, "U1_9", 37.4, -51.129, "T", "SMD", "GND", "GND", "R", 35.433, 62.992, 0, 0, 0],
		[26, "U2_1", 32.44, 164.685, "T", "SMD", "NET_2", "", "R", 19.685, 11.417, 0, 0, 0],
		[27, "U2_2", 32.44, 144.995, "T", "SMD", "NPN", "", "R", 19.685, 11.417, 0, 0, 0],
		[28, "U2_3", 32.44, 125.315, "T", "SMD", "GND", "GND", "R", 19.685, 11.417, 0, 0, 0],
		[29, "U2_4", 87.56, 125.315, "T", "SMD", "$1N940", "", "R", 19.685, 11.417, 0, 0, 0],
		[30, "U2_5", 87.56, 164.685, "T", "SMD", "$1N1099", "", "R", 19.685, 11.417, 0, 0, 0],
		[31, "PAD1_1", -117.6, 223.871, "T", "DIP", "+6V", "", "C", 51.1811, 51.1811, 25.5906, 25.5906, 0],
		[32, "PAD1_1", -117.6, 223.871, "B", "DIP", "+6V", "", "C", 51.1811, 51.1811, 25.5906, 25.5906, 0],
		[33, "PAD2_3", -117.6, 23.871, "T", "DIP", "MOTOR(NEG)", "", "C", 51.1811, 51.1811, 25.5906, 25.5906, 0],
		[34, "PAD2_3", -117.6, 23.871, "B", "DIP", "MOTOR(NEG)", "", "C", 51.1811, 51.1811, 25.5906, 25.5906, 0],
		[35, "PAD3_4", -117.6, -76.129, "T", "DIP", "MOTOR(NEG)", "", "C", 51.1811, 51.1811, 25.5906, 25.5906, 0],
		[36, "PAD3_4", -117.6, -76.129, "B", "DIP", "MOTOR(NEG)", "", "C", 51.1811, 51.1811, 25.5906, 25.5906, 0],
		[37, "PAD4_5", 182.4, -76.129, "T", "DIP", "GND", "GND", "C", 51.1811, 51.1811, 25.5906, 25.5906, 0],
		[38, "PAD4_5", 182.4, -76.129, "B", "DIP", "GND", "GND", "C", 51.1811, 51.1811, 25.5906, 25.5906, 0],
		[39, "PAD5_7", 182.4, 123.871, "T", "DIP", "NPN", "", "C", 51.1811, 51.1811, 25.5906, 25.5906, 0],
		[40, "PAD5_7", 182.4, 123.871, "B", "DIP", "NPN", "", "C", 51.1811, 51.1811, 25.5906, 25.5906, 0],
		[41, "PAD6_2", 127.4, 168.071, "T", "SMD", "$1N1099", "", "R", 14.505, 12.756, 0, 0, 270],
		[42, "PAD7_1", 127.4, 189.671, "T", "SMD", "GND", "GND", "R", 14.505, 12.756, 0, 0, 270],
		[43, "PAD8_2", 112.4, -21.929, "T", "SMD", "$1N1048", "", "R", 14.505, 12.756, 0, 0, 270],
		[44, "PAD9_1", 112.4, -0.329, "T", "SMD", "GND", "GND", "R", 14.505, 12.756, 0, 0, 270],
		[45, "PAD10_2", -39.2, -15, "T", "SMD", "+6V", "", "R", 14.505, 12.756, 0, 0, 0],
		[46, "PAD11_1", -60.8, -15, "T", "SMD", "GND", "GND", "R", 14.505, 12.756, 0, 0, 0],
		[47, "PAD12_2", 10.94, 28.871, "T", "SMD", "+6V", "", "R", 31.106, 21.26, 0, 0, 180],
		[48, "PAD13_1", 53.86, 28.871, "T", "SMD", "GND", "GND", "R", 31.106, 21.26, 0, 0, 180],
		[49, "PAD14_1", -7.6, 93.871, "T", "SMD", "$1N1048", "", "R", 23.622, 14.173, 0, 0, 0],
		[50, "PAD15_2", -57.6, 93.871, "T", "SMD", "$1N1043", "", "R", 23.622, 14.173, 0, 0, 0],
		[51, "PAD16_1", 57.4, 223.871, "T", "SMD", "$1N1099", "", "R", 23.622, 14.173, 0, 0, 0],
		[52, "PAD17_2", 7.4, 223.871, "T", "SMD", "$1N1094", "", "R", 23.622, 14.173, 0, 0, 0],
		[53, "PAD18_2", -57.6, 149.361, "T", "SMD", "$1N1043", "", "R", 11.934, 12.756, 0, 0, 270],
		[54, "PAD19_1", -57.6, 168.381, "T", "SMD", "+6V", "", "R", 11.934, 12.756, 0, 0, 270],
		[55, "PAD20_2", -57.11, 223.871, "T", "SMD", "+6V", "", "R", 11.934, 12.756, 0, 0, 180],
		[56, "PAD21_1", -38.09, 223.871, "T", "SMD", "$1N1094", "", "R", 11.934, 12.756, 0, 0, 180],
		[57, "PAD22_1", 0, -21.599, "T", "SMD", "+6V", "", "R", 20.512, 9.843, 0, 0, 0],
		[58, "PAD23_2", 0, -41.289, "T", "SMD", "MOTOR(NEG)", "", "R", 20.512, 9.843, 0, 0, 0],
		[59, "PAD24_3", 0, -60.969, "T", "SMD", "MOTOR(NEG)", "", "R", 20.512, 9.843, 0, 0, 0],
		[60, "PAD25_4", 0, -80.659, "T", "SMD", "GND", "GND", "R", 20.512, 9.843, 0, 0, 0],
		[61, "PAD26_5", 74.8, -80.659, "T", "SMD", "$1N940", "", "R", 20.512, 9.843, 0, 0, 0],
		[62, "PAD27_6", 74.8, -60.969, "T", "SMD", "$1N940", "", "R", 20.512, 9.843, 0, 0, 0],
		[63, "PAD28_8", 74.8, -21.599, "T", "SMD", "$1N1048", "", "R", 20.512, 9.843, 0, 0, 0],
		[64, "PAD29_9", 37.4, -51.129, "T", "SMD", "GND", "GND", "R", 35.433, 62.992, 0, 0, 0],
		[65, "PAD30_3", 32.44, 125.315, "T", "SMD", "GND", "GND", "R", 19.685, 11.417, 0, 0, 0],
		[66, "PAD31_5", 87.56, 164.685, "T", "SMD", "$1N1099", "", "R", 19.685, 11.417, 0, 0, 0],
		[67, "PAD32_2", 32.44, 144.995, "T", "SMD", "NPN", "", "R", 19.685, 11.417, 0, 0, 0],
		[68, "PAD33_4", 87.56, 125.315, "T", "SMD", "$1N940", "", "R", 19.685, 11.417, 0, 0, 0]
	]
}
}